Site,Partition,&alpha; ,&beta;<sup>-</sup>,p<sup>-</sup>,&beta;<sup>+</sup>,p<sup>+</sup>,LRT,p-value,# branches under selection,Total branch length,MEME LogL,FEL LogL
1,1,"0.00","0.00","1.00","0.00","0.00","0.00","1.00","0.00","0.00","0.00","0.00"
2,1,"0.00","0.00","1.00","0.00","0.00","0.00","1.00","0.00","0.00","0.00","0.00"
3,1,"0.00","0.00","1.00","0.00","0.00","0.00","1.00","0.00","0.00","0.00","0.00"
4,1,"0.00","0.00","1.00","0.00","0.00","0.00","1.00","0.00","0.00","0.00","0.00"
5,1,"0.00","0.00","1.00","0.00","0.00","0.00","1.00","0.00","0.00","0.00","0.00"
6,1,"0.00","0.00","1.00","0.00","0.00","0.00","1.00","0.00","0.00","0.00","0.00"
7,1,"2.83","0.00","1.00","4.25","0.00","0.00","0.67","0.00","0.00","-6.17","-6.17"
8,1,"0.00","0.00","1.00","0.00","0.00","0.00","1.00","0.00","0.00","0.00","0.00"
9,1,"0.00","0.00","1.00","0.00","0.00","0.00","1.00","0.00","0.00","0.00","0.00"
10,1,"0.00","0.00","1.00","0.00","0.00","0.00","1.00","0.00","0.00","0.00","0.00"
11,1,"0.00","0.00","1.00","0.00","0.00","0.00","1.00","0.00","0.00","0.00","0.00"
12,1,"0.00","0.00","1.00","0.00","0.00","0.00","1.00","0.00","0.00","0.00","0.00"
13,1,"0.00","0.00","1.00","0.00","0.00","0.00","1.00","0.00","0.00","0.00","0.00"
14,1,"0.00","0.00","1.00","0.00","0.00","0.00","1.00","0.00","0.00","0.00","0.00"
15,1,"0.00","0.00","1.00","0.00","0.00","0.00","1.00","0.00","0.00","0.00","0.00"
16,1,"0.00","0.00","1.00","0.00","0.00","0.00","1.00","0.00","0.00","0.00","0.00"
17,1,"0.00","0.00","1.00","0.00","0.00","0.00","1.00","0.00","0.00","0.00","0.00"
18,1,"0.00","0.00","1.00","0.00","0.00","0.00","1.00","0.00","0.00","0.00","0.00"
19,1,"0.00","0.00","1.00","0.00","0.00","0.00","1.00","0.00","0.00","0.00","0.00"
20,1,"0.00","0.00","1.00","0.00","0.00","0.00","1.00","0.00","0.00","0.00","0.00"
21,1,"0.00","0.00","1.00","0.00","0.00","0.00","1.00","0.00","0.00","0.00","0.00"
22,1,"0.00","0.00","1.00","0.00","0.00","0.00","1.00","0.00","0.00","0.00","0.00"
23,1,"0.00","0.00","1.00","0.00","0.00","0.00","1.00","0.00","0.00","0.00","0.00"
24,1,"0.00","0.00","1.00","0.00","0.00","0.00","1.00","0.00","0.00","0.00","0.00"
25,1,"0.00","0.00","1.00","0.00","0.00","0.00","1.00","0.00","0.00","0.00","0.00"
26,1,"0.00","0.00","1.00","0.00","0.00","0.00","1.00","0.00","0.00","0.00","0.00"
27,1,"0.00","0.00","1.00","0.00","0.00","0.00","1.00","0.00","0.00","0.00","0.00"
28,1,"0.00","0.00","1.00","0.00","0.00","0.00","1.00","0.00","0.00","0.00","0.00"
29,1,"0.00","0.00","1.00","0.00","0.00","0.00","1.00","0.00","0.00","0.00","0.00"
30,1,"3.26","0.00","1.00","4.88","0.00","0.00","0.67","0.00","0.00","-11.75","-11.75"
31,1,"0.00","0.00","1.00","0.00","0.00","0.00","1.00","0.00","0.00","0.00","0.00"
32,1,"3.17","0.00","1.00","4.75","0.00","0.00","0.67","0.00","0.00","-8.89","-8.89"
33,1,"4.56","0.00","1.00","6.85","0.00","0.00","0.67","0.00","0.00","-10.91","-10.91"
34,1,"0.00","0.00","1.00","0.00","0.00","0.00","1.00","0.00","0.00","0.00","0.00"
35,1,"0.00","0.00","1.00","0.00","0.00","0.00","1.00","0.00","0.00","0.00","0.00"
36,1,"0.00","0.00","1.00","0.00","0.00","0.00","1.00","0.00","0.00","0.00","0.00"
37,1,"0.00","0.00","1.00","0.00","0.00","0.00","1.00","0.00","0.00","0.00","0.00"
38,1,"0.00","0.00","1.00","0.00","0.00","0.00","1.00","0.00","0.00","0.00","0.00"
39,1,"0.00","0.00","1.00","0.00","0.00","0.00","1.00","0.00","0.00","0.00","0.00"
40,1,"3.17","0.00","1.00","4.75","0.00","0.00","0.67","0.00","0.00","-7.80","-7.80"
41,1,"0.00","0.00","0.82","14.12","0.18","1.28","0.27","1.00","0.00","-9.10","-8.95"
42,1,"0.00","0.00","1.00","0.00","0.00","0.00","1.00","0.00","0.00","0.00","0.00"
43,1,"0.00","0.00","1.00","0.00","0.00","0.00","1.00","0.00","0.00","0.00","0.00"
44,1,"3.54","0.00","1.00","5.31","0.00","0.00","0.67","0.00","0.00","-7.94","-7.94"
45,1,"0.00","0.00","1.00","0.00","0.00","0.00","1.00","0.00","0.00","0.00","0.00"
46,1,"3.05","0.00","1.00","4.57","0.00","0.00","0.67","0.00","0.00","-5.36","-5.36"
47,1,"5.63","0.00","1.00","8.45","0.00","0.00","0.67","0.00","0.00","-6.70","-6.70"
48,1,"0.00","0.00","1.00","0.00","0.00","0.00","1.00","0.00","0.00","0.00","0.00"
49,1,"1.50","0.00","1.00","2.25","0.00","0.00","0.67","0.00","0.00","-9.58","-9.58"
50,1,"0.00","0.00","1.00","0.00","0.00","0.00","1.00","0.00","0.00","0.00","0.00"
51,1,"0.00","0.00","1.00","0.00","0.00","0.00","1.00","0.00","0.00","0.00","0.00"
52,1,"0.00","0.00","0.01","1.38","0.99","1.03","0.31","0.00","0.00","-8.99","-8.99"
53,1,"0.00","0.00","1.00","0.00","0.00","0.00","1.00","0.00","0.00","0.00","0.00"
54,1,"0.00","0.00","1.00","0.00","0.00","0.00","1.00","0.00","0.00","0.00","0.00"
55,1,"0.00","0.00","1.00","0.00","0.00","0.00","1.00","0.00","0.00","0.00","0.00"
56,1,"0.00","0.00","0.94","59.84","0.06","1.71","0.21","1.00","0.00","-10.81","-10.32"
57,1,"0.00","0.00","1.00","0.00","0.00","0.00","1.00","0.00","0.00","0.00","0.00"
58,1,"0.00","0.00","0.98","2964.10","0.02","4.09","0.06","1.00","0.00","-12.74","-11.19"
59,1,"0.00","0.00","0.94","59.43","0.06","1.66","0.22","1.00","0.00","-10.08","-9.59"
60,1,"0.00","0.00","1.00","0.00","0.00","0.00","1.00","0.00","0.00","0.00","0.00"
61,1,"0.00","0.00","0.94","42.30","0.06","1.72","0.21","1.00","0.00","-11.05","-10.59"
62,1,"0.00","0.00","1.00","0.00","0.00","0.00","1.00","0.00","0.00","0.00","0.00"
63,1,"0.00","0.00","1.00","0.00","0.00","0.00","1.00","0.00","0.00","0.00","0.00"
64,1,"0.00","0.00","0.87","50.70","0.13","3.29","0.09","2.00","0.00","-16.02","-15.20"
65,1,"0.00","0.00","1.00","0.00","0.00","0.00","1.00","0.00","0.00","0.00","0.00"
66,1,"0.00","0.00","1.00","0.00","0.00","0.00","1.00","0.00","0.00","0.00","0.00"
67,1,"0.00","0.00","1.00","0.00","0.00","0.00","1.00","0.00","0.00","0.00","0.00"
68,1,"0.00","0.00","1.00","0.00","0.00","0.00","1.00","0.00","0.00","0.00","0.00"
69,1,"0.00","0.00","0.00","1.19","1.00","0.57","0.41","1.00","0.00","-6.68","-6.68"
70,1,"0.00","0.00","1.00","0.00","0.00","0.00","1.00","0.00","0.00","0.00","0.00"
71,1,"0.00","0.00","1.00","0.00","0.00","0.00","1.00","0.00","0.00","0.00","0.00"
72,1,"0.00","0.00","1.00","0.00","0.00","0.00","1.00","0.00","0.00","0.00","0.00"
73,1,"0.00","0.00","0.97","187.51","0.03","2.29","0.16","1.00","0.00","-11.15","-10.24"
74,1,"0.00","0.00","0.00","0.98","1.00","0.69","0.38","1.00","0.00","-7.44","-7.44"
75,1,"0.00","0.00","1.00","0.00","0.00","0.00","1.00","0.00","0.00","0.00","0.00"
76,1,"0.00","0.00","1.00","0.00","0.00","0.00","1.00","0.00","0.00","0.00","0.00"
77,1,"0.00","0.00","1.00","0.00","0.00","0.00","1.00","0.00","0.00","0.00","0.00"
78,1,"0.00","0.00","1.00","0.00","0.00","0.00","1.00","0.00","0.00","0.00","0.00"
79,1,"0.00","0.00","0.01","1.67","0.99","1.19","0.29","0.00","0.00","-9.84","-9.84"
80,1,"0.00","0.00","1.00","0.00","0.00","0.00","1.00","0.00","0.00","0.00","0.00"
81,1,"0.00","0.00","0.90","21.36","0.10","1.24","0.28","1.00","0.00","-9.71","-9.39"
82,1,"0.00","0.00","1.00","0.00","0.00","0.00","1.00","0.00","0.00","0.00","0.00"
83,1,"0.00","0.00","1.00","0.00","0.00","0.00","1.00","0.00","0.00","0.00","0.00"
84,1,"0.00","0.00","1.00","0.00","0.00","0.00","1.00","0.00","0.00","0.00","0.00"
85,1,"0.00","0.00","1.00","0.00","0.00","0.00","1.00","0.00","0.00","0.00","0.00"
86,1,"0.00","0.00","1.00","0.00","0.00","0.00","1.00","0.00","0.00","0.00","0.00"
87,1,"0.00","0.00","1.00","0.00","0.00","0.00","1.00","0.00","0.00","0.00","0.00"
88,1,"0.00","0.00","1.00","0.00","0.00","0.00","1.00","0.00","0.00","0.00","0.00"
89,1,"0.00","0.00","1.00","0.00","0.00","0.00","1.00","0.00","0.00","0.00","0.00"
90,1,"3.28","0.00","1.00","4.92","0.00","0.00","0.67","0.00","0.00","-5.40","-5.40"
91,1,"0.00","0.00","1.00","0.00","0.00","0.00","1.00","0.00","0.00","0.00","0.00"
92,1,"0.00","0.00","1.00","0.00","0.00","0.00","1.00","0.00","0.00","0.00","0.00"
93,1,"0.00","0.00","1.00","0.00","0.00","0.00","1.00","0.00","0.00","0.00","0.00"
94,1,"0.00","0.00","1.00","0.00","0.00","0.00","1.00","0.00","0.00","0.00","0.00"
95,1,"0.00","0.00","1.00","0.00","0.00","0.00","1.00","0.00","0.00","0.00","0.00"
96,1,"0.00","0.00","1.00","0.00","0.00","0.00","1.00","0.00","0.00","0.00","0.00"
97,1,"0.00","0.00","1.00","0.00","0.00","0.00","1.00","0.00","0.00","0.00","0.00"
98,1,"0.00","0.00","1.00","0.00","0.00","0.00","1.00","0.00","0.00","0.00","0.00"
99,1,"0.00","0.00","1.00","0.00","0.00","0.00","1.00","0.00","0.00","0.00","0.00"
100,1,"0.00","0.00","1.00","0.00","0.00","0.00","1.00","0.00","0.00","0.00","0.00"
101,1,"0.00","0.00","1.00","0.00","0.00","0.00","1.00","0.00","0.00","0.00","0.00"
102,1,"0.00","0.00","1.00","0.00","0.00","0.00","1.00","0.00","0.00","0.00","0.00"
103,1,"0.00","0.00","1.00","0.00","0.00","0.00","1.00","0.00","0.00","0.00","0.00"
104,1,"0.00","0.00","1.00","0.00","0.00","0.00","1.00","0.00","0.00","0.00","0.00"
105,1,"0.00","0.00","0.98","468.05","0.02","2.88","0.11","1.00","0.00","-12.03","-10.64"
106,1,"0.00","0.00","1.00","0.00","0.00","0.00","1.00","0.00","0.00","0.00","0.00"
107,1,"1.42","0.00","1.00","2.13","0.00","0.00","0.67","0.00","0.00","-12.40","-12.40"
108,1,"0.00","0.00","1.00","0.00","0.00","0.00","1.00","0.00","0.00","0.00","0.00"
109,1,"0.00","0.00","1.00","0.00","0.00","0.00","1.00","0.00","0.00","0.00","0.00"
110,1,"0.00","0.00","1.00","0.00","0.00","0.00","1.00","0.00","0.00","0.00","0.00"
111,1,"0.00","0.00","1.00","0.00","0.00","0.00","1.00","0.00","0.00","0.00","0.00"
112,1,"0.00","0.00","1.00","0.00","0.00","0.00","1.00","0.00","0.00","0.00","0.00"
113,1,"0.00","0.00","1.00","0.00","0.00","0.00","1.00","0.00","0.00","0.00","0.00"
114,1,"0.00","0.00","1.00","0.00","0.00","0.00","1.00","0.00","0.00","0.00","0.00"
115,1,"0.00","0.00","1.00","0.00","0.00","0.00","1.00","0.00","0.00","0.00","0.00"
116,1,"0.00","0.00","1.00","0.00","0.00","0.00","1.00","0.00","0.00","0.00","0.00"
117,1,"0.00","0.00","1.00","0.00","0.00","0.00","1.00","0.00","0.00","0.00","0.00"
118,1,"0.00","0.00","1.00","0.00","0.00","0.00","1.00","0.00","0.00","0.00","0.00"
119,1,"0.00","0.00","1.00","0.00","0.00","0.00","1.00","0.00","0.00","0.00","0.00"
120,1,"0.00","0.00","1.00","0.00","0.00","0.00","1.00","0.00","0.00","0.00","0.00"
121,1,"0.00","0.00","1.00","0.00","0.00","0.00","1.00","0.00","0.00","0.00","0.00"
122,1,"0.00","0.00","1.00","0.00","0.00","0.00","1.00","0.00","0.00","0.00","0.00"
123,1,"0.00","0.00","1.00","0.00","0.00","0.00","1.00","0.00","0.00","0.00","0.00"
124,1,"0.00","0.00","1.00","0.00","0.00","0.00","1.00","0.00","0.00","0.00","0.00"
125,1,"0.00","0.00","1.00","0.00","0.00","0.00","1.00","0.00","0.00","0.00","0.00"
126,1,"0.00","0.00","1.00","0.00","0.00","0.00","1.00","0.00","0.00","0.00","0.00"
127,1,"0.00","0.00","1.00","0.00","0.00","0.00","1.00","0.00","0.00","0.00","0.00"
128,1,"0.00","0.00","1.00","0.00","0.00","0.00","1.00","0.00","0.00","0.00","0.00"
129,1,"0.00","0.00","1.00","0.00","0.00","0.00","1.00","0.00","0.00","0.00","0.00"
130,1,"0.00","0.00","1.00","0.00","0.00","0.00","1.00","0.00","0.00","0.00","0.00"
131,1,"0.00","0.00","1.00","0.00","0.00","0.00","1.00","0.00","0.00","0.00","0.00"
132,1,"0.00","0.00","1.00","0.00","0.00","0.00","1.00","0.00","0.00","0.00","0.00"
133,1,"0.00","0.00","1.00","0.00","0.00","0.00","1.00","0.00","0.00","0.00","0.00"
134,1,"0.00","0.00","1.00","0.00","0.00","0.00","1.00","0.00","0.00","0.00","0.00"
135,1,"0.00","0.00","1.00","0.00","0.00","0.00","1.00","0.00","0.00","0.00","0.00"
136,1,"0.00","0.00","1.00","0.00","0.00","0.00","1.00","0.00","0.00","0.00","0.00"
137,1,"0.00","0.00","1.00","0.00","0.00","0.00","1.00","0.00","0.00","0.00","0.00"
138,1,"0.00","0.00","1.00","0.00","0.00","0.00","1.00","0.00","0.00","0.00","0.00"
139,1,"0.00","0.00","0.00","3.47","1.00","2.04","0.18","1.00","0.00","-12.88","-12.88"
140,1,"0.00","0.00","0.00","4.20","1.00","1.86","0.20","1.00","0.00","-12.05","-12.05"
141,1,"0.00","0.00","1.00","0.00","0.00","0.00","1.00","0.00","0.00","0.00","0.00"
142,1,"0.00","0.00","1.00","0.00","0.00","0.00","1.00","0.00","0.00","0.00","0.00"
143,1,"0.00","0.00","1.00","0.00","0.00","0.00","1.00","0.00","0.00","0.00","0.00"
144,1,"0.00","0.00","1.00","0.00","0.00","0.00","1.00","0.00","0.00","0.00","0.00"
145,1,"0.00","0.00","1.00","0.00","0.00","0.00","1.00","0.00","0.00","0.00","0.00"
146,1,"0.00","0.00","1.00","0.00","0.00","0.00","1.00","0.00","0.00","0.00","0.00"
147,1,"0.00","0.00","0.00","1.34","1.00","0.60","0.40","1.00","0.00","-5.88","-5.88"
148,1,"0.00","0.00","1.00","0.00","0.00","0.00","1.00","0.00","0.00","0.00","0.00"
149,1,"0.00","0.00","1.00","0.00","0.00","0.00","1.00","0.00","0.00","0.00","0.00"
150,1,"0.00","0.00","1.00","0.00","0.00","0.00","1.00","0.00","0.00","0.00","0.00"
151,1,"0.00","0.00","1.00","0.00","0.00","0.00","1.00","0.00","0.00","0.00","0.00"
152,1,"0.00","0.00","1.00","0.00","0.00","0.00","1.00","0.00","0.00","0.00","0.00"
153,1,"0.00","0.00","1.00","0.00","0.00","0.00","1.00","0.00","0.00","0.00","0.00"
154,1,"0.00","0.00","1.00","0.00","0.00","0.00","1.00","0.00","0.00","0.00","0.00"
155,1,"0.00","0.00","1.00","0.00","0.00","0.00","1.00","0.00","0.00","0.00","0.00"
156,1,"0.00","0.00","0.00","1.08","1.00","0.53","0.42","1.00","0.00","-7.11","-7.11"
157,1,"0.00","0.00","1.00","0.00","0.00","0.00","1.00","0.00","0.00","0.00","0.00"
158,1,"0.00","0.00","0.97","168.76","0.03","2.67","0.13","1.00","0.00","-12.25","-11.45"
159,1,"0.00","0.00","0.01","2.38","0.99","0.89","0.34","0.00","0.00","-8.44","-8.44"
160,1,"0.00","0.00","1.00","0.00","0.00","0.00","1.00","0.00","0.00","0.00","0.00"
161,1,"0.00","0.00","1.00","0.00","0.00","0.00","1.00","0.00","0.00","0.00","0.00"
162,1,"0.00","0.00","1.00","0.00","0.00","0.00","1.00","0.00","0.00","0.00","0.00"
163,1,"0.00","0.00","1.00","0.00","0.00","0.00","1.00","0.00","0.00","0.00","0.00"
164,1,"0.00","0.00","1.00","0.00","0.00","0.00","1.00","0.00","0.00","0.00","0.00"
165,1,"0.00","0.00","1.00","0.00","0.00","0.00","1.00","0.00","0.00","0.00","0.00"
166,1,"4.16","0.00","1.00","6.24","0.00","0.00","0.67","0.00","0.00","-12.73","-12.73"
167,1,"0.00","0.00","1.00","0.00","0.00","0.00","1.00","0.00","0.00","0.00","0.00"
168,1,"0.00","0.00","1.00","0.00","0.00","0.00","1.00","0.00","0.00","0.00","0.00"
169,1,"0.00","0.00","1.00","0.00","0.00","0.00","1.00","0.00","0.00","0.00","0.00"
170,1,"0.00","0.00","1.00","0.00","0.00","0.00","1.00","0.00","0.00","0.00","0.00"
171,1,"0.00","0.00","1.00","0.00","0.00","0.00","1.00","0.00","0.00","0.00","0.00"
172,1,"0.00","0.00","1.00","0.00","0.00","0.00","1.00","0.00","0.00","0.00","0.00"
173,1,"0.00","0.00","0.98","1216.68","0.02","2.54","0.14","1.00","0.00","-12.00","-11.04"
174,1,"0.00","0.00","1.00","0.00","0.00","0.00","1.00","0.00","0.00","0.00","0.00"
175,1,"0.00","0.00","1.00","0.00","0.00","0.00","1.00","0.00","0.00","0.00","0.00"
176,1,"3.13","0.00","1.00","4.70","0.00","0.00","0.67","0.00","0.00","-6.19","-6.19"
177,1,"0.00","0.00","1.00","0.00","0.00","0.00","1.00","0.00","0.00","0.00","0.00"
178,1,"0.00","0.00","1.00","0.00","0.00","0.00","1.00","0.00","0.00","0.00","0.00"
179,1,"3.12","1.38","1.00","4.68","0.00","0.00","0.67","0.00","0.00","-8.22","-8.22"
180,1,"0.00","0.00","1.00","0.00","0.00","0.00","1.00","0.00","0.00","0.00","0.00"
181,1,"1.90","0.00","1.00","2.85","0.00","0.00","0.67","0.00","0.00","-11.42","-11.42"
182,1,"0.00","0.00","1.00","0.00","0.00","0.00","1.00","0.00","0.00","0.00","0.00"
183,1,"4.06","1.24","1.00","6.09","0.00","0.00","0.67","0.00","0.00","-16.11","-16.11"
184,1,"0.00","0.00","1.00","0.00","0.00","0.00","1.00","0.00","0.00","0.00","0.00"
185,1,"0.00","0.00","1.00","0.00","0.00","0.00","1.00","0.00","0.00","0.00","0.00"
186,1,"0.00","0.00","1.00","0.00","0.00","0.00","1.00","0.00","0.00","0.00","0.00"
187,1,"3.13","0.00","1.00","4.70","0.00","0.00","0.67","0.00","0.00","-5.63","-5.63"
188,1,"2.83","0.00","1.00","4.25","0.00","0.00","0.67","0.00","0.00","-6.92","-6.92"
189,1,"0.00","0.00","1.00","0.00","0.00","0.00","1.00","0.00","0.00","0.00","0.00"
190,1,"0.00","0.00","1.00","0.00","0.00","0.00","1.00","0.00","0.00","0.00","0.00"
191,1,"0.00","0.00","0.00","1.07","1.00","0.30","0.49","1.00","0.00","-6.58","-6.58"
192,1,"6.42","0.00","1.00","9.63","0.00","0.00","0.67","0.00","0.00","-8.62","-8.62"
193,1,"0.00","0.00","1.00","0.00","0.00","0.00","1.00","0.00","0.00","0.00","0.00"
194,1,"0.00","0.00","1.00","0.00","0.00","0.00","1.00","0.00","0.00","0.00","0.00"
195,1,"2.78","0.00","0.82","11.22","0.18","0.25","0.51","1.00","0.00","-11.92","-11.76"
196,1,"0.00","0.00","0.00","1.17","1.00","0.53","0.42","1.00","0.00","-6.68","-6.68"
197,1,"3.48","0.00","1.00","5.21","0.00","0.00","0.67","0.00","0.00","-5.53","-5.53"
198,1,"0.00","0.00","1.00","0.00","0.00","0.00","1.00","0.00","0.00","0.00","0.00"
199,1,"0.00","0.00","0.90","23.62","0.10","1.30","0.27","1.00","0.00","-10.53","-10.24"
200,1,"0.00","0.00","0.00","1.80","1.00","0.80","0.36","1.00","0.00","-8.75","-8.75"
201,1,"4.01","0.00","0.91","26.04","0.09","0.34","0.48","1.00","0.00","-14.24","-13.93"
202,1,"0.00","0.00","1.00","0.00","0.00","0.00","1.00","0.00","0.00","0.00","0.00"
203,1,"0.00","0.00","0.48","8.38","0.52","1.42","0.25","0.00","0.00","-14.19","-14.19"
204,1,"3.48","0.00","1.00","5.21","0.00","0.00","0.67","0.00","0.00","-5.38","-5.38"
205,1,"0.00","0.00","1.00","0.00","0.00","0.00","1.00","0.00","0.00","0.00","0.00"
206,1,"2.07","0.19","0.98","533.86","0.02","1.64","0.22","1.00","0.00","-16.19","-15.20"
207,1,"0.00","0.00","1.00","0.00","0.00","0.00","1.00","0.00","0.00","0.00","0.00"
208,1,"0.00","0.00","1.00","0.00","0.00","0.00","1.00","0.00","0.00","0.00","0.00"
209,1,"0.00","0.00","1.00","0.00","0.00","0.00","1.00","0.00","0.00","0.00","0.00"
210,1,"0.00","0.00","1.00","0.00","0.00","0.00","1.00","0.00","0.00","0.00","0.00"
211,1,"0.00","0.00","1.00","0.00","0.00","0.00","1.00","0.00","0.00","0.00","0.00"
212,1,"0.00","0.00","1.00","0.00","0.00","0.00","1.00","0.00","0.00","0.00","0.00"
213,1,"2.78","0.00","1.00","4.17","0.00","0.00","0.67","0.00","0.00","-9.81","-9.81"
214,1,"3.84","0.00","1.00","9.01","0.00","0.00","0.67","0.00","0.00","-9.69","-9.69"
215,1,"4.92","0.00","1.00","7.38","0.00","0.00","0.67","0.00","0.00","-13.22","-13.22"
216,1,"0.00","0.00","1.00","0.00","0.00","0.00","1.00","0.00","0.00","0.00","0.00"
217,1,"0.00","0.00","1.00","0.00","0.00","0.00","1.00","0.00","0.00","0.00","0.00"
218,1,"0.00","0.00","0.00","1.10","1.00","0.51","0.43","1.00","0.00","-6.75","-6.75"
219,1,"0.00","0.00","0.04","1.62","0.96","1.03","0.31","0.00","0.00","-8.51","-8.51"
220,1,"0.00","0.00","1.00","0.00","0.00","0.00","1.00","0.00","0.00","0.00","0.00"
221,1,"3.70","0.00","1.00","5.55","0.00","0.00","0.67","0.00","0.00","-7.49","-7.49"
222,1,"0.00","0.00","1.00","0.00","0.00","0.00","1.00","0.00","0.00","0.00","0.00"
223,1,"3.04","1.28","1.00","4.55","0.00","0.00","0.67","0.00","0.00","-8.94","-8.94"
224,1,"2.49","0.00","1.00","3.74","0.00","0.00","0.67","0.00","0.00","-7.02","-7.02"
225,1,"0.00","0.00","0.75","13.68","0.25","1.60","0.23","1.00","0.00","-10.20","-10.13"
226,1,"0.00","0.00","1.00","0.00","0.00","0.00","1.00","0.00","0.00","0.00","0.00"
227,1,"0.00","0.00","0.00","1.11","1.00","0.73","0.37","1.00","0.00","-7.37","-7.37"
228,1,"0.00","0.00","0.92","93.97","0.08","3.70","0.07","0.00","0.00","-15.63","-14.28"
229,1,"0.00","0.00","1.00","0.00","0.00","0.00","1.00","0.00","0.00","0.00","0.00"
230,1,"0.00","0.00","1.00","0.00","0.00","0.00","1.00","0.00","0.00","0.00","0.00"
231,1,"0.00","0.00","1.00","0.00","0.00","0.00","1.00","0.00","0.00","0.00","0.00"
232,1,"0.00","0.00","1.00","0.00","0.00","0.00","1.00","0.00","0.00","0.00","0.00"
233,1,"0.00","0.00","1.00","0.00","0.00","0.00","1.00","0.00","0.00","0.00","0.00"
234,1,"0.00","0.00","1.00","0.00","0.00","0.00","1.00","0.00","0.00","0.00","0.00"
235,1,"0.00","0.00","1.00","0.00","0.00","0.00","1.00","0.00","0.00","0.00","0.00"
236,1,"0.00","0.00","1.00","0.00","0.00","0.00","1.00","0.00","0.00","0.00","0.00"
237,1,"0.00","0.00","1.00","0.00","0.00","0.00","1.00","0.00","0.00","0.00","0.00"
238,1,"0.00","0.00","1.00","0.00","0.00","0.00","1.00","0.00","0.00","0.00","0.00"
239,1,"0.00","0.00","1.00","0.00","0.00","0.00","1.00","0.00","0.00","0.00","0.00"
240,1,"0.00","0.00","1.00","0.00","0.00","0.00","1.00","0.00","0.00","0.00","0.00"
241,1,"0.00","0.00","1.00","0.00","0.00","0.00","1.00","0.00","0.00","0.00","0.00"
242,1,"3.67","0.00","1.00","5.50","0.00","0.00","0.67","0.00","0.00","-7.34","-7.34"
243,1,"5.41","0.00","1.00","8.11","0.00","0.00","0.67","0.00","0.00","-9.21","-9.21"
244,1,"13.20","0.00","1.00","19.81","0.00","0.00","0.67","0.00","0.00","-14.99","-14.99"
245,1,"0.00","0.00","1.00","0.00","0.00","0.00","1.00","0.00","0.00","0.00","0.00"
246,1,"21.77","0.00","1.00","32.65","0.00","0.00","0.67","0.00","0.00","-13.61","-13.61"
247,1,"0.00","0.00","1.00","0.00","0.00","0.00","1.00","0.00","0.00","0.00","0.00"
248,1,"3.89","0.00","1.00","5.83","0.00","0.00","0.67","0.00","0.00","-9.64","-9.64"
249,1,"0.00","0.00","1.00","0.00","0.00","0.00","1.00","0.00","0.00","0.00","0.00"
250,1,"3.48","0.00","1.00","5.21","0.00","0.00","0.67","0.00","0.00","-6.57","-6.57"
251,1,"6.55","0.00","1.00","9.82","0.00","0.00","0.67","0.00","0.00","-8.91","-8.91"
252,1,"0.00","0.00","1.00","0.00","0.00","0.00","1.00","0.00","0.00","0.00","0.00"
253,1,"0.00","0.00","1.00","0.00","0.00","0.00","1.00","0.00","0.00","0.00","0.00"
254,1,"0.00","0.00","1.00","0.00","0.00","0.00","1.00","0.00","0.00","0.00","0.00"
255,1,"0.00","0.00","1.00","0.00","0.00","0.00","1.00","0.00","0.00","0.00","0.00"
256,1,"3.17","0.00","1.00","4.75","0.00","0.00","0.67","0.00","0.00","-8.25","-8.25"
257,1,"3.48","0.00","1.00","5.21","0.00","0.00","0.67","0.00","0.00","-6.48","-6.48"
258,1,"0.00","0.00","1.00","0.00","0.00","0.00","1.00","0.00","0.00","0.00","0.00"
259,1,"0.00","0.00","1.00","0.00","0.00","0.00","1.00","0.00","0.00","0.00","0.00"
260,1,"0.00","0.00","1.00","0.00","0.00","0.00","1.00","0.00","0.00","0.00","0.00"
261,1,"5.57","0.00","1.00","8.36","0.00","0.00","0.67","0.00","0.00","-9.01","-9.01"
262,1,"0.00","0.00","1.00","0.00","0.00","0.00","1.00","0.00","0.00","0.00","0.00"
263,1,"0.00","0.00","0.92","30.85","0.08","1.73","0.21","1.00","0.00","-10.35","-9.99"
264,1,"0.00","0.00","1.00","0.00","0.00","0.00","1.00","0.00","0.00","0.00","0.00"
265,1,"0.00","0.00","1.00","0.00","0.00","0.00","1.00","0.00","0.00","0.00","0.00"
266,1,"0.00","0.00","1.00","0.00","0.00","0.00","1.00","0.00","0.00","0.00","0.00"
267,1,"0.00","0.00","1.00","0.00","0.00","0.00","1.00","0.00","0.00","0.00","0.00"
268,1,"0.00","0.00","1.00","0.00","0.00","0.00","1.00","0.00","0.00","0.00","0.00"
269,1,"0.00","0.00","0.00","1.42","1.00","0.64","0.39","1.00","0.00","-8.58","-8.58"
270,1,"0.00","0.00","1.00","0.00","0.00","0.00","1.00","0.00","0.00","0.00","0.00"
271,1,"7.37","0.00","1.00","11.06","0.00","0.00","0.67","0.00","0.00","-11.31","-11.31"
272,1,"0.00","0.00","1.00","0.00","0.00","0.00","1.00","0.00","0.00","0.00","0.00"
273,1,"0.00","0.00","1.00","0.00","0.00","0.00","1.00","0.00","0.00","0.00","0.00"
274,1,"0.00","0.00","0.97","120.82","0.03","1.95","0.19","1.00","0.00","-13.75","-12.99"
275,1,"4.09","1.35","1.00","7.00","0.00","0.00","0.67","0.00","0.00","-10.42","-10.42"
276,1,"1.93","0.81","0.97","31.40","0.03","0.23","0.52","0.00","0.00","-16.98","-16.87"
277,1,"2.68","2.07","1.00","4.02","0.00","0.00","0.67","0.00","0.00","-14.64","-14.64"
278,1,"0.00","0.00","1.00","0.00","0.00","0.00","1.00","0.00","0.00","0.00","0.00"
279,1,"2.19","0.00","1.00","3.28","0.00","0.00","0.67","0.00","0.00","-10.20","-10.20"
280,1,"0.00","0.00","0.00","1.57","1.00","0.69","0.38","1.00","0.00","-9.02","-9.02"
281,1,"0.00","0.00","1.00","0.00","0.00","0.00","1.00","0.00","0.00","0.00","0.00"
282,1,"2.32","0.00","1.00","3.48","0.00","0.00","0.67","0.00","0.00","-10.59","-10.59"
283,1,"0.00","0.00","0.00","2.71","1.00","1.28","0.27","1.00","0.00","-11.70","-11.70"
284,1,"0.00","0.00","1.00","0.00","0.00","0.00","1.00","0.00","0.00","0.00","0.00"
285,1,"0.00","0.00","0.51","12.71","0.49","2.19","0.16","1.00","0.00","-18.15","-18.12"
286,1,"0.00","0.00","0.00","2.17","1.00","0.60","0.40","1.00","0.00","-10.98","-10.98"
287,1,"6.59","1.30","1.00","9.89","0.00","0.00","0.67","0.00","0.00","-17.82","-17.82"
288,1,"1.77","0.00","0.96","109.60","0.04","0.87","0.34","1.00","0.00","-11.87","-11.34"
289,1,"0.00","0.00","1.00","0.00","0.00","0.00","1.00","0.00","0.00","0.00","0.00"
290,1,"5.25","0.00","1.00","7.88","0.00","0.00","0.67","0.00","0.00","-8.67","-8.67"
291,1,"0.00","0.00","1.00","0.00","0.00","0.00","1.00","0.00","0.00","0.00","0.00"
292,1,"2.84","1.38","1.00","4.26","0.00","0.00","0.67","0.00","0.00","-11.22","-11.22"
293,1,"0.00","0.00","0.92","39.98","0.08","1.64","0.22","1.00","0.00","-9.89","-9.54"
294,1,"0.00","0.00","0.75","7.44","0.25","1.03","0.31","1.00","0.00","-10.98","-10.89"
295,1,"2.84","0.00","0.81","7.53","0.19","0.11","0.57","1.00","0.00","-15.66","-15.52"
296,1,"2.62","1.14","0.97","98.93","0.03","0.44","0.45","0.00","0.00","-15.53","-15.31"
297,1,"0.00","0.00","0.96","198.57","0.04","2.10","0.17","1.00","0.00","-11.35","-10.80"
298,1,"2.93","0.00","0.01","3.87","0.99","0.06","0.60","2.00","0.00","-14.25","-14.25"
299,1,"0.00","0.00","1.00","0.00","0.00","0.00","1.00","0.00","0.00","0.00","0.00"
300,1,"2.36","0.00","0.64","8.99","0.36","0.39","0.46","1.00","0.00","-18.53","-18.34"
301,1,"2.79","0.00","1.00","4.18","0.00","0.00","0.67","0.00","0.00","-9.35","-9.35"
302,1,"6.76","0.00","1.00","10.14","0.00","0.00","0.67","0.00","0.00","-9.73","-9.73"
303,1,"5.01","3.14","0.93","14.19","0.07","0.02","0.63","0.00","0.00","-17.33","-17.32"
304,1,"0.00","0.00","0.97","152.34","0.03","2.25","0.16","1.00","0.00","-10.71","-9.92"
305,1,"0.00","0.00","1.00","0.00","0.00","0.00","1.00","0.00","0.00","0.00","0.00"
306,1,"0.00","0.00","0.00","1.30","1.00","0.66","0.39","1.00","0.00","-6.60","-6.60"
307,1,"4.03","0.00","1.00","6.04","0.00","0.00","0.67","0.00","0.00","-9.67","-9.67"
308,1,"0.00","0.00","1.00","0.00","0.00","0.00","1.00","0.00","0.00","0.00","0.00"
309,1,"0.00","0.00","0.53","3.02","0.47","0.67","0.39","1.00","0.00","-8.00","-7.99"
310,1,"0.00","0.00","0.50","6.11","0.50","1.36","0.26","1.00","0.00","-13.52","-13.49"
311,1,"0.00","0.00","0.53","3.55","0.47","1.31","0.27","0.00","0.00","-9.45","-9.42"
312,1,"5.57","0.00","0.88","19.66","0.12","0.20","0.53","1.00","0.00","-15.35","-15.07"
313,1,"0.00","0.00","1.00","0.00","0.00","0.00","1.00","0.00","0.00","0.00","0.00"
314,1,"13.54","1.70","0.94","3.01","0.06","0.00","0.67","0.00","0.00","-18.67","-18.67"
315,1,"0.00","0.00","0.98","423.65","0.02","1.99","0.18","1.00","0.00","-12.44","-11.77"
316,1,"2.23","0.00","1.00","3.35","0.00","0.00","0.67","0.00","0.00","-11.23","-11.23"
317,1,"0.00","0.00","1.00","0.00","0.00","0.00","1.00","0.00","0.00","0.00","0.00"
318,1,"0.00","0.00","1.00","0.00","0.00","0.00","1.00","0.00","0.00","0.00","0.00"
319,1,"0.00","0.00","0.00","1.34","1.00","0.59","0.40","1.00","0.00","-5.72","-5.72"
320,1,"0.00","0.00","0.00","1.52","1.00","0.74","0.37","1.00","0.00","-7.32","-7.32"
321,1,"2.19","0.00","1.00","3.28","0.00","0.00","0.67","0.00","0.00","-10.96","-10.96"
322,1,"0.00","0.00","1.00","0.00","0.00","0.00","1.00","0.00","0.00","0.00","0.00"
323,1,"0.00","0.00","1.00","0.00","0.00","0.00","1.00","0.00","0.00","0.00","0.00"
324,1,"0.00","0.00","1.00","0.00","0.00","0.00","1.00","0.00","0.00","0.00","0.00"
325,1,"1.52","0.00","1.00","2.28","0.00","0.00","0.67","0.00","0.00","-7.33","-7.33"
326,1,"0.00","0.00","1.00","0.00","0.00","0.00","1.00","0.00","0.00","0.00","0.00"
327,1,"0.00","0.00","0.98","421.04","0.02","2.83","0.12","1.00","0.00","-12.73","-11.32"
328,1,"0.00","0.00","1.00","0.00","0.00","0.00","1.00","0.00","0.00","0.00","0.00"
329,1,"5.74","0.00","1.00","8.61","0.00","0.00","0.67","0.00","0.00","-7.72","-7.72"
330,1,"0.00","0.00","1.00","0.00","0.00","0.00","1.00","0.00","0.00","0.00","0.00"
331,1,"3.05","0.00","1.00","4.57","0.00","0.00","0.67","0.00","0.00","-5.36","-5.36"
332,1,"0.00","0.00","1.00","0.00","0.00","0.00","1.00","0.00","0.00","0.00","0.00"
333,1,"3.28","0.00","1.00","4.92","0.00","0.00","0.67","0.00","0.00","-5.25","-5.25"
334,1,"0.00","0.00","1.00","0.00","0.00","0.00","1.00","0.00","0.00","0.00","0.00"
335,1,"0.00","0.00","1.00","0.00","0.00","0.00","1.00","0.00","0.00","0.00","0.00"
336,1,"10.02","0.00","1.00","15.03","0.00","0.00","0.67","0.00","0.00","-14.09","-14.09"
337,1,"4.05","0.00","1.00","6.08","0.00","0.00","0.67","0.00","0.00","-8.84","-8.84"
338,1,"0.00","0.00","1.00","0.00","0.00","0.00","1.00","0.00","0.00","0.00","0.00"
339,1,"0.00","0.00","1.00","0.00","0.00","0.00","1.00","0.00","0.00","0.00","0.00"
340,1,"0.00","0.00","1.00","0.00","0.00","0.00","1.00","0.00","0.00","0.00","0.00"
341,1,"2.99","0.00","1.00","4.48","0.00","0.00","0.67","0.00","0.00","-6.24","-6.24"
342,1,"2.79","0.00","1.00","4.18","0.00","0.00","0.67","0.00","0.00","-6.35","-6.35"
343,1,"11.39","2.02","1.00","17.08","0.00","0.00","0.67","0.00","0.00","-12.74","-12.74"
344,1,"0.00","0.00","1.00","0.00","0.00","0.00","1.00","0.00","0.00","0.00","0.00"
345,1,"1.54","0.00","1.00","2.53","0.00","0.00","0.67","0.00","0.00","-7.80","-7.80"
346,1,"0.00","0.00","1.00","0.00","0.00","0.00","1.00","0.00","0.00","0.00","0.00"
347,1,"7.30","0.00","1.00","11.95","0.00","0.00","0.67","0.00","0.00","-10.48","-10.44"
348,1,"0.00","0.00","1.00","0.00","0.00","0.00","1.00","0.00","0.00","0.00","0.00"
349,1,"5.50","0.00","1.00","8.26","0.00","0.00","0.67","0.00","0.00","-7.62","-7.62"
350,1,"0.00","0.00","1.00","0.00","0.00","0.00","1.00","0.00","0.00","0.00","0.00"
351,1,"0.00","0.00","0.00","1.42","1.00","0.95","0.33","1.00","0.00","-7.97","-7.97"
352,1,"0.00","0.00","1.00","0.00","0.00","0.00","1.00","0.00","0.00","0.00","0.00"
353,1,"7.00","0.00","1.00","10.50","0.00","0.00","0.67","0.00","0.00","-6.70","-6.70"
354,1,"0.00","0.00","0.00","1.25","1.00","0.55","0.42","1.00","0.00","-10.35","-10.35"
355,1,"6.07","0.00","1.00","9.10","0.00","0.00","0.67","0.00","0.00","-7.23","-7.23"
356,1,"0.00","0.00","1.00","0.00","0.00","0.00","1.00","0.00","0.00","0.00","0.00"
357,1,"5.26","1.18","1.00","12.68","0.00","0.00","0.67","0.00","0.00","-18.91","-18.89"
358,1,"0.00","0.00","1.00","0.00","0.00","0.00","1.00","0.00","0.00","0.00","0.00"
359,1,"0.00","0.00","1.00","0.00","0.00","0.00","1.00","0.00","0.00","0.00","0.00"
360,1,"4.63","0.00","1.00","6.95","0.00","0.00","0.67","0.00","0.00","-8.06","-8.06"
361,1,"2.71","0.00","1.00","4.06","0.00","0.00","0.67","0.00","0.00","-9.25","-9.25"
362,1,"0.00","0.00","1.00","0.00","0.00","0.00","1.00","0.00","0.00","0.00","0.00"
363,1,"0.00","0.00","0.00","1.79","1.00","1.20","0.28","1.00","0.00","-6.99","-6.99"
364,1,"0.00","0.00","1.00","0.00","0.00","0.00","1.00","0.00","0.00","0.00","0.00"
365,1,"6.73","1.78","1.00","10.09","0.00","0.00","0.67","0.00","0.00","-13.27","-13.27"
366,1,"5.27","1.39","1.00","7.91","0.00","0.00","0.67","0.00","0.00","-16.10","-16.10"
367,1,"0.00","0.00","0.00","2.45","1.00","1.70","0.21","1.00","0.00","-14.03","-14.03"
368,1,"4.56","0.00","1.00","6.85","0.00","0.00","0.67","0.00","0.00","-8.43","-8.43"
369,1,"0.00","0.00","1.00","0.00","0.00","0.00","1.00","0.00","0.00","0.00","0.00"
370,1,"3.01","2.33","1.00","4.51","0.00","0.00","0.67","0.00","0.00","-12.46","-12.46"
371,1,"2.58","0.00","1.00","3.87","0.00","0.00","0.67","0.00","0.00","-6.74","-6.74"
372,1,"0.00","0.00","0.00","1.10","1.00","0.38","0.47","1.00","0.00","-9.71","-9.71"
373,1,"0.00","0.00","0.93","25.77","0.07","1.39","0.25","1.00","0.00","-10.73","-10.34"
374,1,"2.85","0.00","1.00","4.28","0.00","0.00","0.67","0.00","0.00","-6.76","-6.76"
375,1,"10.58","0.00","1.00","15.88","0.00","0.00","0.67","0.00","0.00","-13.62","-13.62"
376,1,"3.08","0.00","1.00","4.62","0.00","0.00","0.67","0.00","0.00","-7.84","-7.84"
377,1,"0.00","0.00","0.90","68.73","0.10","3.41","0.09","2.00","0.00","-15.75","-14.66"
378,1,"0.00","0.00","0.96","115.12","0.04","2.24","0.16","1.00","0.00","-10.02","-9.39"
379,1,"0.00","0.00","1.00","0.00","0.00","0.00","1.00","0.00","0.00","0.00","0.00"
380,1,"0.00","0.00","0.00","4.53","1.00","3.14","0.10","1.00","0.00","-14.86","-14.86"
381,1,"0.00","0.00","0.00","0.98","1.00","0.69","0.38","1.00","0.00","-7.44","-7.44"
382,1,"0.00","0.00","0.00","3.09","1.00","1.33","0.26","0.00","0.00","-9.64","-9.64"
383,1,"0.00","0.00","0.95","65.01","0.05","1.62","0.22","1.00","0.00","-11.55","-10.95"
384,1,"2.77","0.00","0.94","62.18","0.06","0.87","0.34","1.00","0.00","-12.54","-12.04"
385,1,"0.00","0.00","1.00","0.00","0.00","0.00","1.00","0.00","0.00","0.00","0.00"
386,1,"0.00","0.00","0.74","6.08","0.26","0.77","0.36","1.00","0.00","-10.23","-10.15"
387,1,"0.00","0.00","1.00","0.00","0.00","0.00","1.00","0.00","0.00","0.00","0.00"
388,1,"0.00","0.00","0.00","3.78","1.00","2.24","0.16","1.00","0.00","-15.95","-15.95"
389,1,"0.00","0.00","0.00","1.11","1.00","0.81","0.36","1.00","0.00","-7.20","-7.21"
390,1,"13.90","0.00","1.00","20.86","0.00","0.00","0.67","0.00","0.00","-10.83","-10.83"
391,1,"6.05","0.00","1.00","9.08","0.00","0.00","0.67","0.00","0.00","-11.27","-11.27"
392,1,"0.00","0.00","1.00","0.00","0.00","0.00","1.00","0.00","0.00","0.00","0.00"
393,1,"0.00","0.00","1.00","0.00","0.00","0.00","1.00","0.00","0.00","0.00","0.00"
394,1,"0.00","0.00","1.00","0.00","0.00","0.00","1.00","0.00","0.00","0.00","0.00"
395,1,"0.00","0.00","1.00","0.00","0.00","0.00","1.00","0.00","0.00","0.00","0.00"
396,1,"0.00","0.00","1.00","0.00","0.00","0.00","1.00","0.00","0.00","0.00","0.00"
397,1,"0.00","0.00","1.00","0.00","0.00","0.00","1.00","0.00","0.00","0.00","0.00"
398,1,"3.28","0.00","1.00","4.92","0.00","0.00","0.67","0.00","0.00","-5.40","-5.40"
399,1,"0.00","0.00","1.00","0.00","0.00","0.00","1.00","0.00","0.00","0.00","0.00"
400,1,"0.00","0.00","1.00","0.00","0.00","0.00","1.00","0.00","0.00","0.00","0.00"
401,1,"3.12","0.00","1.00","4.67","0.00","0.00","0.67","0.00","0.00","-8.42","-8.42"
402,1,"2.79","0.00","1.00","4.18","0.00","0.00","0.67","0.00","0.00","-6.35","-6.35"
403,1,"9.32","0.00","1.00","13.99","0.00","0.00","0.67","0.00","0.00","-12.60","-12.60"
404,1,"0.00","0.00","1.00","0.00","0.00","0.00","1.00","0.00","0.00","0.00","0.00"
405,1,"0.00","0.00","1.00","0.00","0.00","0.00","1.00","0.00","0.00","0.00","0.00"
406,1,"0.00","0.00","1.00","0.00","0.00","0.00","1.00","0.00","0.00","0.00","0.00"
407,1,"2.34","0.00","1.00","3.51","0.00","0.00","0.67","0.00","0.00","-10.97","-10.97"
408,1,"0.00","0.00","0.98","558.20","0.02","8.73","0.01","1.00","0.00","-17.51","-13.19"
409,1,"0.00","0.00","1.00","0.00","0.00","0.00","1.00","0.00","0.00","0.00","0.00"
410,1,"0.00","0.00","0.00","3.36","1.00","2.12","0.17","1.00","0.00","-11.16","-11.16"
411,1,"0.00","0.00","1.00","0.00","0.00","0.00","1.00","0.00","0.00","0.00","0.00"
412,1,"0.00","0.00","0.90","36.12","0.10","1.50","0.24","1.00","0.00","-10.48","-10.14"
413,1,"0.00","0.00","1.00","0.00","0.00","0.00","1.00","0.00","0.00","0.00","0.00"
414,1,"0.00","0.00","1.00","0.00","0.00","0.00","1.00","0.00","0.00","0.00","0.00"
415,1,"0.00","0.00","1.00","0.00","0.00","0.00","1.00","0.00","0.00","0.00","0.00"
416,1,"2.27","0.00","1.00","3.41","0.00","0.00","0.67","0.00","0.00","-10.19","-10.19"
417,1,"0.00","0.00","1.00","0.00","0.00","0.00","1.00","0.00","0.00","0.00","0.00"
418,1,"0.00","0.00","1.00","0.00","0.00","0.00","1.00","0.00","0.00","0.00","0.00"
419,1,"0.00","0.00","0.53","3.09","0.47","0.84","0.35","1.00","0.00","-9.98","-9.96"
420,1,"0.00","0.00","0.49","6.85","0.51","2.14","0.17","1.00","0.00","-14.20","-14.11"
421,1,"0.00","0.00","0.70","22.34","0.30","3.15","0.10","3.00","0.00","-21.43","-20.95"
422,1,"0.00","0.00","1.00","0.00","0.00","0.00","1.00","0.00","0.00","0.00","0.00"
423,1,"0.00","0.00","1.00","0.00","0.00","0.00","1.00","0.00","0.00","0.00","0.00"
424,1,"0.00","0.00","1.00","0.00","0.00","0.00","1.00","0.00","0.00","0.00","0.00"
425,1,"0.00","0.00","0.61","6.61","0.39","1.13","0.29","2.00","0.00","-16.58","-16.41"
426,1,"0.00","0.00","1.00","0.00","0.00","0.00","1.00","0.00","0.00","0.00","0.00"
427,1,"0.00","0.00","0.79","9.18","0.21","0.92","0.33","1.00","0.00","-10.85","-10.73"
428,1,"0.00","0.00","1.00","0.00","0.00","0.00","1.00","0.00","0.00","0.00","0.00"
429,1,"0.00","0.00","1.00","0.00","0.00","0.00","1.00","0.00","0.00","0.00","0.00"
430,1,"0.00","0.00","0.51","3.88","0.49","0.72","0.37","1.00","0.00","-10.30","-10.28"
431,1,"0.00","0.00","1.00","0.00","0.00","0.00","1.00","0.00","0.00","0.00","0.00"
432,1,"0.00","0.00","1.00","0.00","0.00","0.00","1.00","0.00","0.00","0.00","0.00"
433,1,"0.00","0.00","1.00","0.00","0.00","0.00","1.00","0.00","0.00","0.00","0.00"
434,1,"0.00","0.00","1.00","0.00","0.00","0.00","1.00","0.00","0.00","0.00","0.00"
435,1,"0.00","0.00","1.00","0.00","0.00","0.00","1.00","0.00","0.00","0.00","0.00"
436,1,"0.00","0.00","1.00","0.00","0.00","0.00","1.00","0.00","0.00","0.00","0.00"
437,1,"0.00","0.00","0.92","54.50","0.08","6.54","0.02","1.00","0.00","-13.35","-11.40"
438,1,"0.00","0.00","0.95","200.87","0.05","4.27","0.06","1.00","0.00","-14.97","-13.12"
439,1,"0.00","0.00","0.81","13.17","0.19","1.01","0.32","1.00","0.00","-9.96","-9.78"
440,1,"0.00","0.00","0.01","1.07","0.99","0.83","0.35","0.00","0.00","-9.12","-9.12"
441,1,"0.00","0.00","1.00","0.00","0.00","0.00","1.00","0.00","0.00","0.00","0.00"
442,1,"0.00","0.00","1.00","0.00","0.00","0.00","1.00","0.00","0.00","0.00","0.00"
443,1,"0.00","0.00","1.00","0.00","0.00","0.00","1.00","0.00","0.00","0.00","0.00"
444,1,"0.00","0.00","1.00","0.00","0.00","0.00","1.00","0.00","0.00","0.00","0.00"
445,1,"0.00","0.00","1.00","0.00","0.00","0.00","1.00","0.00","0.00","0.00","0.00"
446,1,"0.00","0.00","1.00","0.00","0.00","0.00","1.00","0.00","0.00","0.00","0.00"
447,1,"0.00","0.00","1.00","0.00","0.00","0.00","1.00","0.00","0.00","0.00","0.00"
448,1,"0.00","0.00","1.00","0.00","0.00","0.00","1.00","0.00","0.00","0.00","0.00"
449,1,"0.00","0.00","0.00","2.86","1.00","1.11","0.30","0.00","0.00","-8.09","-8.09"
450,1,"1.54","0.00","1.00","2.53","0.00","0.00","0.67","0.00","0.00","-7.80","-7.80"
451,1,"5.71","0.00","1.00","8.57","0.00","0.00","0.67","0.00","0.00","-10.14","-10.14"
452,1,"0.00","0.00","0.00","1.32","1.00","0.66","0.39","1.00","0.00","-6.74","-6.74"
453,1,"0.00","0.00","0.00","2.89","1.00","2.08","0.17","1.00","0.00","-12.90","-12.90"
454,1,"0.00","0.00","0.73","5.72","0.27","0.74","0.37","1.00","0.00","-10.89","-10.82"
455,1,"4.03","1.32","1.00","6.04","0.00","0.00","0.67","0.00","0.00","-11.19","-11.19"
456,1,"2.39","0.00","1.00","3.58","0.00","0.00","0.67","0.00","0.00","-11.00","-11.00"
457,1,"0.00","0.00","1.00","0.00","0.00","0.00","1.00","0.00","0.00","0.00","0.00"
458,1,"5.42","0.00","0.96","92.93","0.04","0.78","0.36","1.00","0.00","-15.10","-14.52"
459,1,"0.00","0.00","1.00","0.00","0.00","0.00","1.00","0.00","0.00","0.00","0.00"
460,1,"0.00","0.00","1.00","0.00","0.00","0.00","1.00","0.00","0.00","0.00","0.00"
461,1,"3.28","0.00","1.00","4.92","0.00","0.00","0.67","0.00","0.00","-5.40","-5.40"
462,1,"0.00","0.00","1.00","0.00","0.00","0.00","1.00","0.00","0.00","0.00","0.00"
463,1,"0.00","0.00","0.50","3.38","0.50","0.72","0.37","0.00","0.00","-7.19","-7.17"
464,1,"0.00","0.00","0.00","2.77","1.00","1.30","0.27","0.00","0.00","-9.50","-9.50"
465,1,"0.00","0.00","1.00","0.00","0.00","0.00","1.00","0.00","0.00","0.00","0.00"
466,1,"2.83","0.00","1.00","4.25","0.00","0.00","0.67","0.00","0.00","-6.92","-6.92"
467,1,"3.96","0.00","0.72","16.00","0.28","0.52","0.42","1.00","0.00","-19.13","-18.69"
468,1,"3.53","0.00","0.74","19.13","0.26","0.63","0.40","2.00","0.00","-17.57","-17.18"
469,1,"0.00","0.00","1.00","0.00","0.00","0.00","1.00","0.00","0.00","0.00","0.00"
470,1,"0.00","0.00","1.00","0.00","0.00","0.00","1.00","0.00","0.00","0.00","0.00"
471,1,"0.00","0.00","0.52","3.34","0.48","0.93","0.33","1.00","0.00","-7.89","-7.87"
472,1,"0.00","0.00","1.00","0.00","0.00","0.00","1.00","0.00","0.00","0.00","0.00"
473,1,"0.00","0.00","1.00","0.00","0.00","0.00","1.00","0.00","0.00","0.00","0.00"
474,1,"0.00","0.00","1.00","0.00","0.00","0.00","1.00","0.00","0.00","0.00","0.00"
475,1,"0.00","0.00","1.00","0.00","0.00","0.00","1.00","0.00","0.00","0.00","0.00"
476,1,"0.00","0.00","1.00","0.00","0.00","0.00","1.00","0.00","0.00","0.00","0.00"
477,1,"3.48","0.00","1.00","5.21","0.00","0.00","0.67","0.00","0.00","-5.98","-5.98"
478,1,"3.05","0.00","1.00","4.58","0.00","0.00","0.67","0.00","0.00","-8.27","-8.27"
479,1,"0.00","0.00","1.00","0.00","0.00","0.00","1.00","0.00","0.00","0.00","0.00"
480,1,"0.00","0.00","1.00","0.00","0.00","0.00","1.00","0.00","0.00","0.00","0.00"
481,1,"0.00","0.00","1.00","0.00","0.00","0.00","1.00","0.00","0.00","0.00","0.00"
482,1,"0.00","0.00","0.01","1.87","0.99","0.75","0.37","0.00","0.00","-7.61","-7.61"
483,1,"0.00","0.00","1.00","0.00","0.00","0.00","1.00","0.00","0.00","0.00","0.00"
484,1,"0.00","0.00","1.00","0.00","0.00","0.00","1.00","0.00","0.00","0.00","0.00"
485,1,"0.00","0.00","1.00","0.00","0.00","0.00","1.00","0.00","0.00","0.00","0.00"
486,1,"0.00","0.00","1.00","0.00","0.00","0.00","1.00","0.00","0.00","0.00","0.00"
487,1,"0.00","0.00","1.00","0.00","0.00","0.00","1.00","0.00","0.00","0.00","0.00"
488,1,"3.21","0.00","1.00","4.81","0.00","0.00","0.67","0.00","0.00","-8.44","-8.44"
489,1,"0.00","0.00","1.00","0.00","0.00","0.00","1.00","0.00","0.00","0.00","0.00"
490,1,"0.00","0.00","1.00","0.00","0.00","0.00","1.00","0.00","0.00","0.00","0.00"
491,1,"3.48","0.00","1.00","5.21","0.00","0.00","0.67","0.00","0.00","-6.09","-6.09"
492,1,"0.00","0.00","1.00","0.00","0.00","0.00","1.00","0.00","0.00","0.00","0.00"
493,1,"0.00","0.00","1.00","0.00","0.00","0.00","1.00","0.00","0.00","0.00","0.00"
494,1,"0.00","0.00","1.00","0.00","0.00","0.00","1.00","0.00","0.00","0.00","0.00"
495,1,"0.00","0.00","1.00","0.00","0.00","0.00","1.00","0.00","0.00","0.00","0.00"
496,1,"1.90","0.00","1.00","2.85","0.00","0.00","0.67","0.00","0.00","-7.02","-7.02"
497,1,"0.00","0.00","1.00","0.00","0.00","0.00","1.00","0.00","0.00","0.00","0.00"
498,1,"0.00","0.00","1.00","0.00","0.00","0.00","1.00","0.00","0.00","0.00","0.00"
499,1,"0.00","0.00","1.00","0.00","0.00","0.00","1.00","0.00","0.00","0.00","0.00"
500,1,"0.00","0.00","1.00","0.00","0.00","0.00","1.00","0.00","0.00","0.00","0.00"
501,1,"3.13","0.00","1.00","4.70","0.00","0.00","0.67","0.00","0.00","-5.48","-5.48"
502,1,"6.05","0.00","1.00","9.08","0.00","0.00","0.67","0.00","0.00","-7.80","-7.80"
503,1,"0.00","0.00","1.00","0.00","0.00","0.00","1.00","0.00","0.00","0.00","0.00"
504,1,"0.00","0.00","0.96","68.27","0.04","1.70","0.21","1.00","0.00","-10.98","-10.40"
505,1,"0.00","0.00","1.00","0.00","0.00","0.00","1.00","0.00","0.00","0.00","0.00"
506,1,"5.63","0.00","1.00","8.45","0.00","0.00","0.67","0.00","0.00","-7.30","-7.30"
507,1,"0.00","0.00","1.00","0.00","0.00","0.00","1.00","0.00","0.00","0.00","0.00"
508,1,"2.40","0.00","1.00","3.60","0.00","0.00","0.67","0.00","0.00","-9.33","-9.33"
509,1,"0.00","0.00","1.00","0.00","0.00","0.00","1.00","0.00","0.00","0.00","0.00"
510,1,"0.00","0.00","1.00","0.00","0.00","0.00","1.00","0.00","0.00","0.00","0.00"
511,1,"0.00","0.00","1.00","0.00","0.00","0.00","1.00","0.00","0.00","0.00","0.00"
512,1,"3.13","0.00","1.00","4.70","0.00","0.00","0.67","0.00","0.00","-7.03","-7.03"
513,1,"0.00","0.00","1.00","0.00","0.00","0.00","1.00","0.00","0.00","0.00","0.00"
514,1,"5.37","0.00","1.00","8.05","0.00","0.00","0.67","0.00","0.00","-7.37","-7.37"
515,1,"4.70","0.00","1.00","7.06","0.00","0.00","0.67","0.00","0.00","-8.03","-8.03"
516,1,"3.88","0.00","1.00","5.82","0.00","0.00","0.67","0.00","0.00","-9.48","-9.48"
517,1,"3.90","0.00","1.00","5.86","0.00","0.00","0.67","0.00","0.00","-10.43","-10.43"
518,1,"0.00","0.00","1.00","0.00","0.00","0.00","1.00","0.00","0.00","0.00","0.00"
519,1,"0.00","0.00","1.00","0.00","0.00","0.00","1.00","0.00","0.00","0.00","0.00"
520,1,"4.12","0.00","1.00","16.87","0.00","0.00","0.67","0.00","0.00","-8.33","-8.22"
521,1,"0.00","0.00","1.00","0.00","0.00","0.00","1.00","0.00","0.00","0.00","0.00"
522,1,"0.00","0.00","1.00","0.00","0.00","0.00","1.00","0.00","0.00","0.00","0.00"
523,1,"0.00","0.00","1.00","0.00","0.00","0.00","1.00","0.00","0.00","0.00","0.00"
524,1,"4.03","0.00","1.00","6.04","0.00","0.00","0.67","0.00","0.00","-7.91","-7.91"
525,1,"0.00","0.00","1.00","0.00","0.00","0.00","1.00","0.00","0.00","0.00","0.00"
526,1,"0.00","0.00","1.00","0.00","0.00","0.00","1.00","0.00","0.00","0.00","0.00"
527,1,"0.00","0.00","1.00","0.00","0.00","0.00","1.00","0.00","0.00","0.00","0.00"
528,1,"0.00","0.00","1.00","0.00","0.00","0.00","1.00","0.00","0.00","0.00","0.00"
529,1,"0.00","0.00","1.00","0.00","0.00","0.00","1.00","0.00","0.00","0.00","0.00"
530,1,"4.04","0.00","1.00","6.06","0.00","0.00","0.67","0.00","0.00","-7.21","-7.21"
531,1,"0.00","0.00","1.00","0.00","0.00","0.00","1.00","0.00","0.00","0.00","0.00"
532,1,"0.00","0.00","1.00","0.00","0.00","0.00","1.00","0.00","0.00","0.00","0.00"
533,1,"4.11","0.00","1.00","6.16","0.00","0.00","0.67","0.00","0.00","-11.99","-11.99"
534,1,"0.00","0.00","1.00","0.00","0.00","0.00","1.00","0.00","0.00","0.00","0.00"
535,1,"0.00","0.00","1.00","0.00","0.00","0.00","1.00","0.00","0.00","0.00","0.00"
536,1,"0.00","0.00","1.00","0.00","0.00","0.00","1.00","0.00","0.00","0.00","0.00"
537,1,"0.00","0.00","1.00","0.00","0.00","0.00","1.00","0.00","0.00","0.00","0.00"
538,1,"0.00","0.00","1.00","0.00","0.00","0.00","1.00","0.00","0.00","0.00","0.00"
539,1,"0.00","0.00","1.00","0.00","0.00","0.00","1.00","0.00","0.00","0.00","0.00"
540,1,"0.00","0.00","1.00","0.00","0.00","0.00","1.00","0.00","0.00","0.00","0.00"
541,1,"0.00","0.00","1.00","0.00","0.00","0.00","1.00","0.00","0.00","0.00","0.00"
542,1,"0.00","0.00","1.00","0.00","0.00","0.00","1.00","0.00","0.00","0.00","0.00"
543,1,"2.37","0.00","1.00","3.55","0.00","0.00","0.67","0.00","0.00","-9.69","-9.69"
544,1,"3.88","0.00","1.00","5.82","0.00","0.00","0.67","0.00","0.00","-10.09","-10.09"
545,1,"0.00","0.00","1.00","0.00","0.00","0.00","1.00","0.00","0.00","0.00","0.00"
546,1,"0.00","0.00","1.00","0.00","0.00","0.00","1.00","0.00","0.00","0.00","0.00"
547,1,"0.00","0.00","1.00","0.00","0.00","0.00","1.00","0.00","0.00","0.00","0.00"
548,1,"0.00","0.00","1.00","0.00","0.00","0.00","1.00","0.00","0.00","0.00","0.00"
549,1,"5.37","0.00","1.00","8.05","0.00","0.00","0.67","0.00","0.00","-7.52","-7.52"
550,1,"0.00","0.00","1.00","0.00","0.00","0.00","1.00","0.00","0.00","0.00","0.00"
551,1,"12.54","0.00","1.00","18.81","0.00","0.00","0.67","0.00","0.00","-15.54","-15.54"
552,1,"2.83","0.00","1.00","4.25","0.00","0.00","0.67","0.00","0.00","-6.81","-6.81"
553,1,"0.00","0.00","1.00","0.00","0.00","0.00","1.00","0.00","0.00","0.00","0.00"
554,1,"0.00","0.00","1.00","0.00","0.00","0.00","1.00","0.00","0.00","0.00","0.00"
555,1,"5.22","0.00","1.00","7.83","0.00","0.00","0.67","0.00","0.00","-8.21","-8.21"
556,1,"0.00","0.00","1.00","0.00","0.00","0.00","1.00","0.00","0.00","0.00","0.00"
557,1,"0.00","0.00","1.00","0.00","0.00","0.00","1.00","0.00","0.00","0.00","0.00"
558,1,"0.00","0.00","1.00","0.00","0.00","0.00","1.00","0.00","0.00","0.00","0.00"
559,1,"3.28","0.00","1.00","4.92","0.00","0.00","0.67","0.00","0.00","-5.40","-5.40"
560,1,"3.12","0.00","1.00","4.67","0.00","0.00","0.67","0.00","0.00","-8.26","-8.26"
561,1,"13.09","0.00","1.00","1.56","0.00","0.00","0.67","0.00","0.00","-10.85","-10.85"
562,1,"2.83","0.00","1.00","4.25","0.00","0.00","0.67","0.00","0.00","-6.36","-6.36"
563,1,"4.03","0.00","1.00","6.04","0.00","0.00","0.67","0.00","0.00","-10.07","-10.07"
564,1,"0.00","0.00","1.00","0.00","0.00","0.00","1.00","0.00","0.00","0.00","0.00"
565,1,"0.00","0.00","1.00","0.00","0.00","0.00","1.00","0.00","0.00","0.00","0.00"
566,1,"2.83","0.00","1.00","4.25","0.00","0.00","0.67","0.00","0.00","-6.36","-6.36"
567,1,"0.00","0.00","1.00","0.00","0.00","0.00","1.00","0.00","0.00","0.00","0.00"
568,1,"0.00","0.00","1.00","0.00","0.00","0.00","1.00","0.00","0.00","0.00","0.00"
569,1,"0.00","0.00","1.00","0.00","0.00","0.00","1.00","0.00","0.00","0.00","0.00"
570,1,"0.00","0.00","1.00","0.00","0.00","0.00","1.00","0.00","0.00","0.00","0.00"
571,1,"1.54","0.00","1.00","2.53","0.00","0.00","0.67","0.00","0.00","-7.80","-7.80"
572,1,"0.00","0.00","1.00","0.00","0.00","0.00","1.00","0.00","0.00","0.00","0.00"
573,1,"2.25","0.00","1.00","3.37","0.00","0.00","0.67","0.00","0.00","-8.59","-8.59"
574,1,"0.00","0.00","1.00","0.00","0.00","0.00","1.00","0.00","0.00","0.00","0.00"
575,1,"0.00","0.00","1.00","0.00","0.00","0.00","1.00","0.00","0.00","0.00","0.00"
576,1,"0.00","0.00","1.00","0.00","0.00","0.00","1.00","0.00","0.00","0.00","0.00"
577,1,"0.00","0.00","1.00","0.00","0.00","0.00","1.00","0.00","0.00","0.00","0.00"
578,1,"0.00","0.00","1.00","0.00","0.00","0.00","1.00","0.00","0.00","0.00","0.00"
579,1,"2.59","0.00","1.00","3.88","0.00","0.00","0.67","0.00","0.00","-6.85","-6.85"
580,1,"0.00","0.00","1.00","0.00","0.00","0.00","1.00","0.00","0.00","0.00","0.00"
581,1,"3.05","0.00","1.00","4.57","0.00","0.00","0.67","0.00","0.00","-5.51","-5.51"
582,1,"2.27","0.00","1.00","3.41","0.00","0.00","0.67","0.00","0.00","-10.89","-10.89"
583,1,"0.00","0.00","1.00","0.00","0.00","0.00","1.00","0.00","0.00","0.00","0.00"
584,1,"0.00","0.00","1.00","0.00","0.00","0.00","1.00","0.00","0.00","0.00","0.00"
585,1,"0.00","0.00","1.00","0.00","0.00","0.00","1.00","0.00","0.00","0.00","0.00"
586,1,"10.88","0.00","1.00","48.53","0.00","0.00","0.67","0.00","0.00","-11.79","-11.79"
587,1,"3.28","0.00","1.00","4.92","0.00","0.00","0.67","0.00","0.00","-5.40","-5.40"
588,1,"2.42","0.00","1.00","3.64","0.00","0.00","0.67","0.00","0.00","-11.37","-11.37"
589,1,"0.00","0.00","1.00","0.00","0.00","0.00","1.00","0.00","0.00","0.00","0.00"
590,1,"0.00","0.00","0.68","4.01","0.32","0.58","0.41","0.00","0.00","-8.88","-8.83"
591,1,"0.00","0.00","1.00","0.00","0.00","0.00","1.00","0.00","0.00","0.00","0.00"
592,1,"0.00","0.00","1.00","0.00","0.00","0.00","1.00","0.00","0.00","0.00","0.00"
593,1,"0.00","0.00","1.00","0.00","0.00","0.00","1.00","0.00","0.00","0.00","0.00"
594,1,"3.85","0.00","1.00","8.83","0.00","0.00","0.67","0.00","0.00","-9.78","-9.78"
595,1,"0.00","0.00","1.00","0.00","0.00","0.00","1.00","0.00","0.00","0.00","0.00"
596,1,"0.00","0.00","1.00","0.00","0.00","0.00","1.00","0.00","0.00","0.00","0.00"
597,1,"0.00","0.00","1.00","0.00","0.00","0.00","1.00","0.00","0.00","0.00","0.00"
598,1,"0.00","0.00","1.00","0.00","0.00","0.00","1.00","0.00","0.00","0.00","0.00"
599,1,"4.06","0.00","1.00","6.09","0.00","0.00","0.67","0.00","0.00","-9.98","-9.98"
600,1,"0.00","0.00","1.00","0.00","0.00","0.00","1.00","0.00","0.00","0.00","0.00"
601,1,"3.48","0.00","1.00","5.21","0.00","0.00","0.67","0.00","0.00","-5.38","-5.38"
602,1,"0.00","0.00","0.00","1.29","1.00","0.63","0.40","1.00","0.00","-6.55","-6.55"
603,1,"3.71","0.00","1.00","10.31","0.00","0.00","0.67","0.00","0.00","-10.56","-10.56"
604,1,"2.67","0.00","1.00","4.01","0.00","0.00","0.67","0.00","0.00","-9.30","-9.30"
605,1,"2.73","0.00","1.00","4.10","0.00","0.00","0.67","0.00","0.00","-9.79","-9.79"
606,1,"0.00","0.00","1.00","0.00","0.00","0.00","1.00","0.00","0.00","0.00","0.00"
607,1,"4.24","0.00","1.00","6.36","0.00","0.00","0.67","0.00","0.00","-8.19","-8.19"
608,1,"10.33","0.00","1.00","15.49","0.00","0.00","0.67","0.00","0.00","-17.94","-17.94"
609,1,"4.04","0.00","1.00","6.06","0.00","0.00","0.67","0.00","0.00","-8.39","-8.39"
610,1,"5.74","0.00","1.00","8.61","0.00","0.00","0.67","0.00","0.00","-8.32","-8.32"
611,1,"9.43","0.00","1.00","14.14","0.00","0.00","0.67","0.00","0.00","-8.65","-8.65"
612,1,"0.00","0.00","1.00","0.00","0.00","0.00","1.00","0.00","0.00","0.00","0.00"
613,1,"0.00","0.00","1.00","0.00","0.00","0.00","1.00","0.00","0.00","0.00","0.00"
614,1,"0.00","0.00","1.00","0.00","0.00","0.00","1.00","0.00","0.00","0.00","0.00"
615,1,"0.00","0.00","1.00","0.00","0.00","0.00","1.00","0.00","0.00","0.00","0.00"
616,1,"0.00","0.00","1.00","0.00","0.00","0.00","1.00","0.00","0.00","0.00","0.00"
617,1,"0.00","0.00","1.00","0.00","0.00","0.00","1.00","0.00","0.00","0.00","0.00"
618,1,"0.00","0.00","1.00","0.00","0.00","0.00","1.00","0.00","0.00","0.00","0.00"
619,1,"5.63","0.00","1.00","8.45","0.00","0.00","0.67","0.00","0.00","-6.70","-6.70"
620,1,"2.53","0.00","1.00","3.80","0.00","0.00","0.67","0.00","0.00","-6.46","-6.46"
621,1,"0.00","0.00","1.00","0.00","0.00","0.00","1.00","0.00","0.00","0.00","0.00"
622,1,"0.00","0.00","1.00","0.00","0.00","0.00","1.00","0.00","0.00","0.00","0.00"
623,1,"0.00","0.00","1.00","0.00","0.00","0.00","1.00","0.00","0.00","0.00","0.00"
624,1,"3.48","0.00","1.00","5.21","0.00","0.00","0.67","0.00","0.00","-5.53","-5.53"
625,1,"0.00","0.00","1.00","0.00","0.00","0.00","1.00","0.00","0.00","0.00","0.00"
626,1,"2.30","0.00","1.00","3.45","0.00","0.00","0.67","0.00","0.00","-11.27","-11.27"
627,1,"0.00","0.00","1.00","0.00","0.00","0.00","1.00","0.00","0.00","0.00","0.00"
628,1,"2.32","0.00","1.00","3.48","0.00","0.00","0.67","0.00","0.00","-8.13","-8.13"
629,1,"0.00","0.00","0.52","3.08","0.48","0.70","0.38","0.00","0.00","-8.16","-8.15"
630,1,"0.00","0.00","1.00","0.00","0.00","0.00","1.00","0.00","0.00","0.00","0.00"
631,1,"3.05","0.00","1.00","4.58","0.00","0.00","0.67","0.00","0.00","-8.02","-8.02"
632,1,"6.07","0.00","1.00","9.10","0.00","0.00","0.67","0.00","0.00","-7.23","-7.23"
633,1,"1.59","0.00","1.00","2.39","0.00","0.00","0.67","0.00","0.00","-10.32","-10.32"
634,1,"0.00","0.00","1.00","0.00","0.00","0.00","1.00","0.00","0.00","0.00","0.00"
635,1,"0.00","0.00","0.00","1.21","1.00","0.58","0.41","1.00","0.00","-6.51","-6.51"
636,1,"0.00","0.00","1.00","0.00","0.00","0.00","1.00","0.00","0.00","0.00","0.00"
637,1,"4.69","0.00","1.00","9.26","0.00","0.00","0.67","0.00","0.00","-13.63","-13.63"
638,1,"0.00","0.00","1.00","0.00","0.00","0.00","1.00","0.00","0.00","0.00","0.00"
639,1,"3.85","0.00","1.00","5.78","0.00","0.00","0.67","0.00","0.00","-10.21","-10.21"
640,1,"0.00","0.00","1.00","0.00","0.00","0.00","1.00","0.00","0.00","0.00","0.00"
641,1,"0.00","0.00","1.00","0.00","0.00","0.00","1.00","0.00","0.00","0.00","0.00"
642,1,"5.27","0.00","1.00","7.90","0.00","0.00","0.67","0.00","0.00","-11.45","-11.45"
643,1,"13.08","0.00","1.00","19.62","0.00","0.00","0.67","0.00","0.00","-9.66","-9.66"
644,1,"5.37","0.00","1.00","8.05","0.00","0.00","0.67","0.00","0.00","-9.85","-9.85"
645,1,"0.00","0.00","1.00","0.00","0.00","0.00","1.00","0.00","0.00","0.00","0.00"
646,1,"3.28","0.00","1.00","4.92","0.00","0.00","0.67","0.00","0.00","-5.25","-5.25"
647,1,"2.53","0.00","1.00","3.80","0.00","0.00","0.67","0.00","0.00","-6.30","-6.30"
648,1,"0.00","0.00","1.00","0.00","0.00","0.00","1.00","0.00","0.00","0.00","0.00"
649,1,"2.59","0.00","1.00","3.88","0.00","0.00","0.67","0.00","0.00","-6.15","-6.15"
650,1,"0.00","0.00","1.00","0.00","0.00","0.00","1.00","0.00","0.00","0.00","0.00"
651,1,"3.01","0.00","1.00","4.51","0.00","0.00","0.67","0.00","0.00","-6.07","-6.07"
652,1,"0.00","0.00","1.00","0.00","0.00","0.00","1.00","0.00","0.00","0.00","0.00"
653,1,"4.04","0.00","0.85","69.86","0.15","2.78","0.12","3.00","0.00","-25.76","-24.35"
654,1,"2.49","0.00","1.00","3.74","0.00","0.00","0.67","0.00","0.00","-7.02","-7.02"
655,1,"0.00","0.00","0.95","47.68","0.05","1.27","0.27","1.00","0.00","-10.94","-10.35"
656,1,"0.00","0.00","1.00","0.00","0.00","0.00","1.00","0.00","0.00","0.00","0.00"
657,1,"0.00","0.00","1.00","0.00","0.00","0.00","1.00","0.00","0.00","0.00","0.00"
658,1,"0.00","0.00","1.00","0.00","0.00","0.00","1.00","0.00","0.00","0.00","0.00"
659,1,"2.58","0.00","1.00","3.87","0.00","0.00","0.67","0.00","0.00","-6.74","-6.74"
660,1,"0.00","0.00","1.00","0.00","0.00","0.00","1.00","0.00","0.00","0.00","0.00"
661,1,"4.60","0.00","1.00","6.90","0.00","0.00","0.67","0.00","0.00","-7.68","-7.68"
662,1,"3.13","0.00","1.00","4.70","0.00","0.00","0.67","0.00","0.00","-5.48","-5.48"
663,1,"0.00","0.00","1.00","0.00","0.00","0.00","1.00","0.00","0.00","0.00","0.00"
664,1,"0.00","0.00","0.75","7.81","0.25","1.28","0.27","0.00","0.00","-9.17","-9.07"
665,1,"0.00","0.00","1.00","0.00","0.00","0.00","1.00","0.00","0.00","0.00","0.00"
666,1,"0.00","0.00","1.00","0.00","0.00","0.00","1.00","0.00","0.00","0.00","0.00"
667,1,"0.00","0.00","1.00","0.00","0.00","0.00","1.00","0.00","0.00","0.00","0.00"
668,1,"0.00","0.00","1.00","0.00","0.00","0.00","1.00","0.00","0.00","0.00","0.00"
669,1,"0.00","0.00","1.00","0.00","0.00","0.00","1.00","0.00","0.00","0.00","0.00"
670,1,"0.00","0.00","1.00","0.00","0.00","0.00","1.00","0.00","0.00","0.00","0.00"
671,1,"3.48","0.00","1.00","5.21","0.00","0.00","0.67","0.00","0.00","-6.09","-6.09"
672,1,"0.00","0.00","0.93","31.80","0.07","1.43","0.25","1.00","0.00","-9.78","-9.41"
673,1,"3.05","0.00","1.00","4.57","0.00","0.00","0.67","0.00","0.00","-5.51","-5.51"
674,1,"0.00","0.00","1.00","0.00","0.00","0.00","1.00","0.00","0.00","0.00","0.00"
675,1,"0.00","0.00","1.00","0.00","0.00","0.00","1.00","0.00","0.00","0.00","0.00"
676,1,"2.60","0.94","0.98","645.02","0.02","1.43","0.25","1.00","0.00","-12.86","-12.02"
677,1,"0.00","0.00","1.00","0.00","0.00","0.00","1.00","0.00","0.00","0.00","0.00"
678,1,"0.00","0.00","1.00","0.00","0.00","0.00","1.00","0.00","0.00","0.00","0.00"
679,1,"0.00","0.00","1.00","0.00","0.00","0.00","1.00","0.00","0.00","0.00","0.00"
680,1,"0.00","0.00","1.00","0.00","0.00","0.00","1.00","0.00","0.00","0.00","0.00"
681,1,"1.42","0.00","1.00","2.13","0.00","0.00","0.67","0.00","0.00","-12.39","-12.39"
682,1,"0.00","0.00","1.00","0.00","0.00","0.00","1.00","0.00","0.00","0.00","0.00"
683,1,"0.00","0.00","0.67","4.03","0.33","0.65","0.39","1.00","0.00","-8.51","-8.47"
684,1,"3.07","0.00","1.00","4.61","0.00","0.00","0.67","0.00","0.00","-10.57","-10.57"
685,1,"0.00","0.00","1.00","0.00","0.00","0.00","1.00","0.00","0.00","0.00","0.00"
686,1,"5.37","0.00","1.00","8.05","0.00","0.00","0.67","0.00","0.00","-10.20","-10.20"
687,1,"0.00","0.00","0.00","1.10","1.00","0.51","0.43","1.00","0.00","-6.75","-6.75"
688,1,"2.85","0.00","1.00","4.28","0.00","0.00","0.67","0.00","0.00","-6.05","-6.05"
689,1,"0.00","0.00","1.00","0.00","0.00","0.00","1.00","0.00","0.00","0.00","0.00"
690,1,"5.41","0.00","1.00","8.11","0.00","0.00","0.67","0.00","0.00","-8.63","-8.63"
691,1,"0.00","0.00","1.00","0.00","0.00","0.00","1.00","0.00","0.00","0.00","0.00"
692,1,"0.00","0.00","1.00","0.00","0.00","0.00","1.00","0.00","0.00","0.00","0.00"
693,1,"0.00","0.00","1.00","0.00","0.00","0.00","1.00","0.00","0.00","0.00","0.00"
694,1,"0.00","0.00","1.00","0.00","0.00","0.00","1.00","0.00","0.00","0.00","0.00"
695,1,"2.71","0.00","1.00","4.06","0.00","0.00","0.67","0.00","0.00","-9.64","-9.64"
696,1,"2.63","0.00","1.00","3.94","0.00","0.00","0.67","0.00","0.00","-8.09","-8.09"
697,1,"0.00","0.00","1.00","0.00","0.00","0.00","1.00","0.00","0.00","0.00","0.00"
698,1,"12.26","0.00","1.00","46.81","0.00","0.00","0.67","0.00","0.00","-14.87","-14.87"
699,1,"7.56","0.00","1.00","11.34","0.00","0.00","0.67","0.00","0.00","-8.85","-8.85"
700,1,"0.00","0.00","1.00","0.00","0.00","0.00","1.00","0.00","0.00","0.00","0.00"
701,1,"0.00","0.00","0.94","52.13","0.06","2.00","0.18","1.00","0.00","-10.55","-10.05"
702,1,"0.00","0.00","1.00","0.00","0.00","0.00","1.00","0.00","0.00","0.00","0.00"
703,1,"0.00","0.00","1.00","0.00","0.00","0.00","1.00","0.00","0.00","0.00","0.00"
704,1,"2.42","0.00","1.00","3.64","0.00","0.00","0.67","0.00","0.00","-11.43","-11.43"
705,1,"0.00","0.00","1.00","0.00","0.00","0.00","1.00","0.00","0.00","0.00","0.00"
706,1,"0.00","0.00","1.00","0.00","0.00","0.00","1.00","0.00","0.00","0.00","0.00"
707,1,"4.02","0.00","1.00","6.03","0.00","0.00","0.67","0.00","0.00","-10.52","-10.52"
708,1,"2.88","0.00","1.00","4.32","0.00","0.00","0.67","0.00","0.00","-10.01","-10.01"
709,1,"0.00","0.00","1.00","0.00","0.00","0.00","1.00","0.00","0.00","0.00","0.00"
