ID,285,380,421,Clade,Date,Country,Host
AF212302,R,V,P,,1999-12-08,Malaysia,human
AF376747,R,V,P,,2001-05-04,Malaysia,bat
AJ627196,R,V,P,,2004-02-10,Malaysia,swine
AY988601,H,T,P,,2004-01-01,Bangladesh,human
FJ513078,R,T,P,,2007-01-01,India,human
FN869553,R,V,P,,2008-01-01,Malaysia,bat
JN808857,R,T,P,,2008-01-01,Bangladesh,human
JN808864,H,T,P,,2010-01-01,Bangladesh,human
MH396625,H,T,L,,2018-05-17,India,human
MH523642,H,T,L,,2018-05-17,India,human
MH891774,H,T,L,,2018-05-17,India,human
MK575060,H,T,P,,2013-04-11,Bangladesh,bat
MK575061,H,T,P,,2013-04-11,Bangladesh,bat
MK575062,H,T,P,,2013-04-11,Bangladesh,bat
MK575067,H,T,P,,2013-04-11,Bangladesh,bat
MK575068,H,T,P,,2013-04-11,Bangladesh,bat
MK673559,R,V,P,M,1999-03-25,Malaysia,swine
MK673565,H,T,P,B-1,2004-02-09,Bangladesh,human
MK673566,H,T,P,B-1,2004-03-29,Bangladesh,human
MK673567,H,T,P,B-1,2004-04-19,Bangladesh,human
MK673568,H,A,P,B-1,2008-02-28,Bangladesh,human
MK673570,R,T,P,B-2,2011-02-11,Bangladesh,human
MK673571,H,T,P,B-1,2011-02-01,Bangladesh,human
MK673572,H,T,P,B-1,2011-02-01,Bangladesh,human
MK673576,R,T,P,B-2,2011-01-01,Bangladesh,human
MK673578,R,T,P,B-2,2011-03-08,Bangladesh,human
MK673579,R,T,P,B-2,2012-01-20,Bangladesh,human
MK673580,R,T,P,B-2,2012-01-20,Bangladesh,human
MK673581,R,T,P,B-2,2012-01-21,Bangladesh,human
MK673582,R,T,P,B-2,2012-04-05,Bangladesh,human
MK673583,R,T,P,B-2,2013-01-22,Bangladesh,human
MK673584,H,T,P,B-1,2015-01-05,Bangladesh,human
MK673585,R,T,P,B-2,2015-03-18,Bangladesh,human
MK673586,R,T,P,B-2,2015-03-21,Bangladesh,human
MK673587,H,T,P,B-1,2015-01-19,Bangladesh,human
MK673588,R,T,P,B-2,2015-02-27,Bangladesh,human
MK673589,H,T,P,B-1,2014-02-06,Bangladesh,human
MK673590,H,T,P,B-1,2014-02-07,Bangladesh,human
MK673591,H,T,P,B-2,2014-02-04,Bangladesh,human
MK673592,R,T,P,B-2,2014-01-20,Bangladesh,human
MK801755,H,A,P,,2003-01-01,Cambodia,bat
MN549402,H,T,L,,2019-06-10,India,bat
MN549403,H,T,L,,2019-06-10,India,bat
MN549404,H,T,P,,2019-06-10,India,bat
MN549405,H,T,L,,2019-06-10,India,bat
MN549406,H,T,L,,2019-06-10,India,bat
MN549407,H,T,P,,2019-06-10,India,bat
MN549409,H,T,P,,2019-06-10,India,bat
MN549410,H,T,P,,2019-06-10,India,bat
MW535746,R,T,P,,2017-05-21,Thailand,bat
