Position,BGD,MYS,Protein
21,T,C,P
96,C,T,P
120,C,T,P
122,G,A,P
132,A,C,P
138,G,A,P
206,G,A,P
221,G,A,P
270,A,G,P
415,C,T,P
418,T,A,P
439,G,A,P
466,G,A,P
528,C,T,P
535,G,A,P
537,C,T,P
547,G,A,P
561,C,T,P
564,T,C,P
571,A,G,P
576,A,G,P
584,C,T,P
585,A,G,P
587,A,G,P
591,T,C,P
599,T,A,P
612,T,C,P
653,G,A,P
668,A,G,P
669,T,C,P
672,C,T,P
680,A,G,P
738,C,T,P
750,T,C,P
753,G,A,P
768,G,A,P
771,T,C,P
807,G,T,P
824,C,T,P
829,A,G,P
831,G,A,P
839,T,A,P
847,G,A,P
854,A,G,P
857,T,C,P
861,T,C,P
864,G,A,P
875,C,T,P
876,T,C,P
884,G,A,P
888,C,T,P
892,A,G,P
893,T,C,P
894,T,C,P
899,G,A,P
906,G,A,P
907,C,T,P
910,G,A,P
917,C,T,P
942,G,A,P
955,A,G,P
958,T,C,P
975,G,A,P
987,A,T,P
993,G,A,P
999,A,G,P
1011,T,G,P
1023,T,C,P
1026,C,T,P
1028,A,G,P
1029,A,G,P
1033,T,C,P
1041,A,G,P
1047,T,C,P
1051,T,C,P
1060,A,T,P
1065,A,G,P
1080,C,T,P
1088,T,C,P
1093,T,C,P
1095,C,T,P
1096,A,T,P
1099,G,A,P
1104,T,C,P
1108,G,A,P
1110,A,G,P
1113,G,A,P
1115,G,T,P
1122,A,G,P
1128,G,A,P
1138,A,G,P
1139,C,T,P
1142,G,A,P
1145,A,G,P
1152,A,G,P
1162,A,G,P
1166,A,G,P
1173,G,A,P
1194,A,G,P
1203,C,T,P
1206,C,T,P
1209,T,C,P
1229,A,C,P
1348,T,C,P
1355,T,C,P
1357,C,T,P
1364,T,C,P
1365,T,G,P
1368,G,T,P
1383,A,G,P
1391,C,T,P
1398,T,C,P
1400,C,T,P
1404,T,C,P
1431,T,C,P
1473,T,C,P
1488,A,G,P
1503,C,T,P
1506,C,T,P
1524,C,T,P
1536,C,T,P
1542,A,G,P
1545,A,G,P
1549,T,C,P
1551,G,A,P
1560,A,G,P
1572,C,A,P
1590,C,T,P
1597,C,T,P
1647,A,G,P
1656,T,C,P
1665,G,A,P
1677,A,G,P
1680,C,T,P
1683,T,C,P
1686,T,C,P
1698,T,C,P
1711,T,C,P
1737,G,A,P
1743,G,A,P
1761,A,G,P
1764,C,G,P
1769,G,A,P
1803,T,C,P
1804,G,A,P
1809,G,A,P
1827,C,T,P
1830,A,T,P
1860,G,A,P
1872,T,C,P
1893,C,A,P
1896,A,G,P
1904,G,A,P
1911,G,T,P
1926,C,T,P
1938,A,G,P
1941,G,A,P
1947,G,A,P
1953,G,A,P
1962,C,T,P
1977,G,A,P
1986,C,T,P
1990,G,A,P
2013,T,C,P
2019,G,A,P
2028,A,G,P
2060,G,A,P
2064,A,G,P
2094,A,G,P
2097,T,C,P
2124,C,T,P
7,A,G,G
14,G,A,G
40,G,A,G
51,G,A,G
59,A,T,G
120,G,A,G
135,G,A,G
159,G,A,G
166,C,T,G
177,C,T,G
180,T,C,G
183,A,G,G
216,C,T,G
234,T,C,G
244,A,G,G
258,A,G,G
265,A,G,G
273,G,A,G
285,G,A,G
294,C,T,G
303,T,C,G
321,G,C,G
339,T,C,G
351,T,C,G
354,C,T,G
369,T,C,G
402,A,G,G
444,T,C,G
515,A,G,G
519,G,A,G
531,A,G,G
543,G,A,G
564,C,T,G
567,T,C,G
592,C,T,G
597,A,G,G
618,C,T,G
642,C,T,G
661,C,T,G
675,T,C,G
684,C,T,G
707,A,G,G
780,C,T,G
786,A,T,G
795,G,A,G
804,T,C,G
807,C,T,G
820,T,C,G
843,T,C,G
846,C,T,G
852,C,T,G
855,G,A,G
879,G,A,G
895,G,A,G
896,T,C,G
939,A,T,G
951,T,C,G
963,A,G,G
969,T,C,G
974,A,G,G
983,A,G,G
985,A,G,G
1003,T,C,G
1009,T,C,G
1014,G,A,G
1016,A,G,G
1020,T,C,G
1031,A,G,G
1050,A,G,G
1059,C,T,G
1074,A,G,G
1089,C,T,G
1125,C,T,G
1153,G,A,G
1155,A,G,G
1156,G,A,G
1170,C,T,G
1182,C,T,G
1215,T,C,G
1240,C,T,G
1257,G,A,G
1262,A,G,G
1270,T,C,G
1272,T,C,G
1276,A,G,G
1306,C,T,G
1368,A,G,G
1371,T,A,G
1383,C,T,G
1407,C,T,G
1409,A,T,G
1416,T,C,G
1423,T,C,G
1425,A,G,G
1431,A,C,G
1441,G,A,G
1443,C,T,G
1455,C,A,G
1464,T,C,G
1491,C,T,G
1493,A,C,G
1494,G,A,G
1497,C,T,G
1504,G,A,G
1506,T,C,G
1518,G,A,G
1533,C,A,G
1539,G,A,G
1545,T,C,G
1587,C,T,G
1599,G,A,G
1633,G,A,G
1641,C,T,G
1644,A,G,G
1653,A,G,G
1659,C,T,G
1695,C,T,G
1698,C,T,G
1701,T,C,G
1716,C,T,G
1722,T,C,G
1729,C,T,G
1743,C,T,G
1761,T,C,G
1770,T,C,G
1782,A,G,G
