pos,ref,alt,aln,ref_aa,alt_aa,synonymous,aa_pos
99,T,C,BGD,I,I,1,33
167,C,T,BGD,S,F,0,56
175,G,A,BGD,V,I,0,59
181,G,A,BGD,G,R,0,61
190,T,C,BGD,S,P,0,64
218,G,A,BGD,R,K,0,73
241,A,G,BGD,T,A,0,81
321,G,A,BGD,L,L,1,107
415,C,A,BGD,H,N,0,139
472,T,C,BGD,S,P,0,158
543,A,G,BGD,L,L,1,181
595,T,C,BGD,S,P,0,199
602,C,T,BGD,P,L,0,201
607,A,G,BGD,K,E,0,203
639,C,T,BGD,Y,Y,1,213
642,A,G,BGD,G,G,1,214
645,A,G,BGD,L,L,1,215
683,G,A,BGD,R,K,0,228
732,G,A,BGD,E,E,1,244
744,T,C,BGD,L,L,1,248
788,T,C,BGD,V,A,0,263
813,G,A,BGD,E,E,1,271
826,G,A,BGD,G,S,0,276
830,G,A,BGD,R,K,0,277
837,C,T,BGD,P,P,1,279
846,C,T,BGD,S,S,1,282
848,T,C,BGD,V,A,0,283
856,A,G,BGD,I,V,0,286
862,G,A,BGD,E,K,0,288
870,A,G,BGD,Q,Q,1,290
878,G,A,BGD,R,Q,0,293
887,T,C,BGD,L,P,0,296
900,C,T,BGD,G,G,1,300
903,C,T,BGD,N,N,1,301
909,A,G,BGD,P,P,1,303
921,A,G,BGD,P,P,1,307
928,G,A,BGD,G,R,0,310
935,A,G,BGD,K,R,0,312
936,A,G,BGD,K,K,1,312
940,T,C,BGD,S,P,0,314
948,G,A,BGD,V,V,1,316
963,C,T,BGD,P,P,1,321
980,T,C,BGD,M,T,0,327
1008,A,G,BGD,G,G,1,336
1071,G,A,BGD,G,G,1,357
1072,A,T,BGD,K,*,0,358
1083,G,A,BGD,Q,Q,1,361
1098,G,A,BGD,R,R,1,366
1118,G,A,BGD,S,N,0,373
1125,T,C,BGD,D,D,1,375
1129,A,G,BGD,T,A,0,377
1130,C,T,BGD,T,I,0,377
1148,C,A,BGD,A,D,0,383
1151,T,C,BGD,V,A,0,384
1162,A,C,BGD,N,H,0,388
1170,A,G,BGD,Q,Q,1,390
1248,G,A,BGD,G,G,1,416
1259,T,C,BGD,V,A,0,420
1353,T,C,BGD,N,N,1,451
1358,C,T,BGD,P,L,0,453
1374,A,G,BGD,E,E,1,458
1401,A,G,BGD,A,A,1,467
1403,A,G,BGD,D,G,0,468
1510,G,A,BGD,G,S,0,504
1548,T,C,BGD,V,V,1,516
1599,A,G,BGD,L,L,1,533
1632,A,G,BGD,P,P,1,544
1653,G,A,BGD,E,E,1,551
1689,A,G,BGD,A,A,1,563
1746,G,A,BGD,G,G,1,582
1758,A,G,BGD,R,R,1,586
1782,T,C,BGD,L,L,1,594
1797,A,G,BGD,G,G,1,599
1812,G,A,BGD,E,E,1,604
1815,G,A,BGD,Q,Q,1,605
1824,T,G,BGD,L,L,1,608
1878,G,A,BGD,P,P,1,626
1897,T,C,BGD,L,L,1,633
1909,C,T,BGD,L,L,1,637
1917,T,C,BGD,L,L,1,639
1929,T,C,BGD,N,N,1,643
1932,T,C,BGD,F,F,1,644
1957,G,A,BGD,V,I,0,653
1959,T,C,BGD,V,V,1,653
1963,A,G,BGD,M,V,0,655
2014,A,G,BGD,I,V,0,672
2026,G,A,BGD,E,K,0,676
2043,G,A,BGD,L,L,1,681
2052,C,T,BGD,Y,Y,1,684
2058,T,C,BGD,N,N,1,686
2070,T,C,BGD,N,N,1,690
2085,G,A,BGD,Q,Q,1,695
2088,G,A,BGD,E,E,1,696
2094,A,T,BGD,A,A,1,698
2101,G,A,BGD,V,I,0,701
2112,C,T,BGD,I,I,1,704
2121,T,C,BGD,G,G,1,707
549,T,G,MYS,T,T,1,183
617,C,T,MYS,P,L,0,206
820,A,C,MYS,S,R,0,274
828,C,T,MYS,G,G,1,276
1132,G,A,MYS,E,K,0,378
